Product URL,Product Name,Product Price,Rating,Number of Reviews
https://www.amazon.in/Wesley-Milestone-Waterproof-Backpack-Business/dp/B084JGJ8PF/ref=ice_ac_b_dpb,Wesley Milestone 2.0 Casual Waterproof Laptop Backpack/Office Bag/School Bag/College Bag/Business Bag/Travel Backpack (Dimensions:13x18 inches) (Compatible with 15.6 inch laptop) 30 L (Blue & black),499,4.3 out of 5 stars,"13,210"
https://www.amazon.in/gp/bestsellers/luggage/2917444031/ref=sr_bs_1_2917444031_1,American Tourister Fizz Large Size 32 Ltrs Casual Backpack (BLACK),799,4.0 out of 5 stars,"56,327"
https://www.amazon.in/FUR-JADEN-Leatherette-Polypropylene-DUFF05/dp/B07M9BRCQ5,Fur Jaden Brown Textured Leatherette Stylish & Spacious Weekender Duffle Bag for Travel,899,4.3 out of 5 stars,"6,864"
https://www.amazon.in/Gear-Expandable-RainCover-Grey-Black-TLPTURBO00401/dp/B097KDRZ67,Gear Turbo 45L Expandable Water Resistant Antitheft Laptop Bag/Backpack/Briefcase For Men/Women With Raincover (Grey),"1,595",4.3 out of 5 stars,"1,208"
https://www.amazon.in/Safari-Laptop-Backpack-Raincover-college/dp/B097JH4V5G,"Safari Omega 30L Laptop Backpack with Raincover, school bag for boys and girls, college bag, office bag, travel bag for men and women, Teal",699,3.9 out of 5 stars,155
https://www.amazon.in/Lenovo-15-6-Inches-Everyday-Backpack/dp/B08R7RPVJF,"Lenovo 15.6"" (39.62cm) Slim Everyday Backpack, Made in India, Compact, Water-resistant, Organized storage:Laptop sleeve,tablet pocket,front workstation,2-side pockets,Padded adjustable shoulder straps",449,4.3 out of 5 stars,"5,239"
https://www.amazon.in/Wesley-Spartan-Hiking-Raincover-Organiser/dp/B098QFF5TJ,Wesley Spartan Unisex Travel Hiking Laptop Bag fits Upto 17.3 inch with Raincover and Internal Organiser Backpack Rucksack College Bag,689,4.1 out of 5 stars,"1,944"
https://www.amazon.in/Half-Moon-Backpack-Luggage-Compartment/dp/B09VCLZ3K4,Half Moon Large 37L Laptop Bag Backpack for menं Women Boys and Girls Luggage Travel Bags with 17.3 inches Laptop Compartment & Rain Cover,689,3.9 out of 5 stars,"3,832"
https://www.amazon.in/Number-Backpack-Compartment-Charging-Organizer/dp/B09VTDMRY7,"FUR JADEN Anti Theft Number Lock Backpack Bag with 15.6 Inch Laptop Compartment, USB Charging Port & Organizer Pocket for Men Women Boys Girls",799,4.1 out of 5 stars,"6,637"
https://www.amazon.in/Impulse-Belux-Backpack-Resistant-Black/dp/B0CJHL12N9,Impulse Belux 45L Laptop Backpack/Office Bag/School Bag/College Bag/Business Bag/Travel Backpack Water Resistant Fits Up to 16 Inch Laptop with 1 Year Warranty,399,5.0 out of 5 stars,10
https://www.amazon.in/Safari-45L-21-OB-BLK/dp/B07BZ5VC4H,Safari Seek 45 Ltrs Overnighter Expandable Travel Laptop Backpack,"2,299",4.5 out of 5 stars,"7,714"
https://www.amazon.in/Backpack-Small-Black-Water-Repellant/dp/B088XB5XY8,"Mi Step Out 12 L Mini Backpack (Small Size, Black, Water Repellant)",199,4.1 out of 5 stars,"10,260"
https://www.amazon.in/Gear-Classic-Leather-Backpack-LBPCLSLTH0519/dp/B07G4JQX2F,Gear Classic 20L Small Faux Leather Water Resistant Anti Theft Laptop Bag/Backpack for Men/Women (Navy-Tan),709,4.4 out of 5 stars,"6,794"
https://www.amazon.in/ADISA-BP004-Weight-Casual-Backpack/dp/B07G3CG9FC,ADISA Laptop Backpack 31 Ltrs,349,4.0 out of 5 stars,"9,230"
https://www.amazon.in/Half-Moon-Waterproof-Backpack-Students/dp/B085MHDJ93,"Half Moon 35L Water Resistant 15.6 inch Laptop Bag/ Backpack, Navy Blue | Office Bag for Men and Women with Padded Laptop Compartment | Rain Cover & Reflective Strips",549,3.9 out of 5 stars,"17,590"
https://www.amazon.in/Number-Backpack-Compartment-Charging-Organizer/dp/B09VTCNN75,"FUR JADEN Anti Theft Number Lock Backpack Bag with 15.6 Inch Laptop Compartment, USB Charging Port & Organizer Pocket for Men Women Boys Girls",639,4.1 out of 5 stars,"6,637"
https://www.amazon.in/Gear-Classic-Leather-Backpack-LBPCLSLTH0201/dp/B07G4F6XFH,Gear Classic 20L Small Faux Leather Water Resistant Anti Theft Laptop Bag/Office Backpack for Men/Women - Brown,798,4.4 out of 5 stars,"6,238"
https://www.amazon.in/Wesley-Milestone-Waterproof-Backpack-Business/dp/B085S444JV,"Wesley Milestone 2.0 Casual Waterproof Laptop Backpack/Office Bag/School Bag/College Bag/Business Bag/Travel Backpack (Dimensions:13x18 inches) (Compatible with 15.6"" laptop) 30 L, Charcoal black",499,4.3 out of 5 stars,"13,210"
https://www.amazon.in/ADISA-BP010-Weight-Casual-Backpack/dp/B07MXL986B,ADISA 32 Ltrs Water Resistant Casual Travel Bagpack/College Backpack/School Office Bag for Men and Women,374,3.9 out of 5 stars,"4,288"
https://www.amazon.in/Weekender-Travel-Backpack-Organizer-Handles/dp/B0B34WJK3X,"FUR JADEN 40L Weekender Travel Laptop Backpack with Anti Theft Pocket, Organizer, 15.6 Inch Padded Laptop Sleeve and Dual Handles","1,099",4.3 out of 5 stars,"1,182"
https://www.amazon.in/gp/bestsellers/kitchen/6802467031/ref=sr_bs_4_6802467031_1,"Amazon Brand - Presto! Oxo-Biodegradable Garbage Bags, Medium -(19 x 21 inches) - 30 bags/roll (Pack of 6, Black)",289,4.4 out of 5 stars,"35,876"
https://www.amazon.in/Step-Backpack-Small-Water-Repellant/dp/B088XH1BP7,"Mi Step Out 12 L Mini Backpack (Small Size, Dark Blue, Water Repellant)",199,4.1 out of 5 stars,"10,260"
https://www.amazon.in/Step-Backpack-Small-Water-Repellant/dp/B088XG77KN,"Mi Step Out 12 L Mini Backpack (Small Size, Red, Water Repellant)",199,4.1 out of 5 stars,"10,260"
https://www.amazon.in/American-Tourister-AMT-SCH-BAG02/dp/B07CGLDV2C,American Tourister Casual Backpack,949,4.2 out of 5 stars,"4,179"
https://www.amazon.in/ADISA-Laptop-Backpack-Office-College/dp/B09TPX22NF,ADISA 15.6 inch laptop backpack office bag college travel back pack 32 Ltrs,399,3.9 out of 5 stars,"1,392"
https://www.amazon.in/Arctic-Fox-Backpack-Charging-Laptop/dp/B089QB6D7B,Arctic Fox Slope Anti Theft 23 L Backpack with USB Charging Port 15 Inch Laptop Backpack (Marble Black),"1,299",4.5 out of 5 stars,"4,525"
https://www.amazon.in/Safari-Pentagon-Polypropylene-55-Hardsided/dp/B097QP6L5K,"Safari Pentagon 55 Cms Small Cabin Polypropylene Hard Sided 4 Wheels 360 Degree Wheeling System Luggage/Suitcase/Trolley Bag, Cyan Blue","1,799",4.1 out of 5 stars,"3,568"
https://www.amazon.in/gp/bestsellers/kitchen/1380564031/ref=sr_bs_11_1380564031_1,"Storite 2 Pack Moisture Proof Nylon Large Size Underbed Storage Bag For Clothes (54 x 46 x 28 cm) - Black, Rectangular",559,4.4 out of 5 stars,"18,114"
https://www.amazon.in/American-Tourister-BACKPACK-COMPARTMENT-ORGANIZER/dp/B0BTD4S4XF,American Tourister Valex 28 Ltrs Large Laptop Backpack with Bottle Pocket and Front Organizer- Black,"1,399",4.3 out of 5 stars,"1,336"
https://www.amazon.in/Genie-Ltrs-School-Backpack-CAMELLIA17SBPIN/dp/B07QHMKHWH,"Genie Camellia School Bag for Girls, 17 inch Backpack for Women, 3 compartments Water Resistant Stylish and Trendy College Backpacks for Girls",799,4.2 out of 5 stars,"3,733"
https://www.amazon.in/POLE-STAR-Polyester-Backpack-Compartment/dp/B07D6NXR2Q,"POLESTAR Amaze 15.6 inch 30 LTR Casual Laptop Backpack/Office Bag/School Bag/College Bag/Business Bag/Unisex Backpack, Water Resistant and Light Weight, 1 year Warranty",549,4.0 out of 5 stars,"6,169"
https://www.amazon.in/Number-Backpack-Compartment-Charging-Organizer/dp/B09VTC876Z,"FUR JADEN Anti Theft Number Lock Backpack Bag with 15.6 Inch Laptop Compartment, USB Charging Port & Organizer Pocket for Men Women Boys Girls",800,4.1 out of 5 stars,"6,637"
https://www.amazon.in/Impulse-Diggy-Backpack-Business-Resistant/dp/B0CJHV6RTS,Impulse Diggy 35L Laptop Backpack/Office Bag/School Bag/College Bag/Business Bag/Travel Backpack Water Resistant Fits Up to 16 Inch Laptop with 1 Year Warranty,399,4.1 out of 5 stars,21
https://www.amazon.in/AirCase-15-6-Inch-MacBook-Protective-Neoprene/dp/B07Z1YVP72,"AirCase Protective Laptop Bag Sleeve fits Upto 15.6"" Laptop/MacBook, Wrinkle Free, Padded, Waterproof Light Neoprene case Cover Pouch, for Men & Women, Black- 6 Months Warranty",399,4.3 out of 5 stars,"11,435"
https://www.amazon.in/American-Tourister-BACKPACK-COMPARTMENT-ORGANIZER/dp/B0BTD4FK9G,American Tourister Valex 28 Ltrs Large Laptop Backpack with Bottle Pocket and Front Organizer- Blue,999,4.2 out of 5 stars,917
https://www.amazon.in/ROZEN-partition-Collage-Backpack-SKYBLUE/dp/B0BRTFGG22,"ROZEN 47 Ltrs, 46 cms School Bag Class 5-12 Large 5 partition Laptop Collage Office Travel Backpack Unisex",697,4.1 out of 5 stars,342
https://www.amazon.in/HP-15-6-inch-Backpacks-Pass-Through-793A6AA/dp/B0BYDXVM5Q,HP 320 15.6-inch Backpacks/Trolley Pass-Through; Padded Back Panel; Padded air mesh Panel/Hand wash and air Dry/Padded Laptop Pocket/1 Year Limited Warranty (793A6AA),599,4.1 out of 5 stars,59
https://www.amazon.in/Essentials-Sleeve-Microsoft-Surface-Go/dp/B07LFWP97N,"Gizga Essentials Laptop Bag Sleeve Case Cover Pouch with Handle for 14.1 Inch Laptop for Men & Women, Padded Laptop Compartment, Premium Zipper Closure, Water Repellent Nylon Fabric, Grey",228,4.1 out of 5 stars,"2,065"
https://www.amazon.in/Fur-Jaden-Black-Waterproof-Backpack/dp/B078GLXMDY,FUR JADEN Anti Theft Backpack 15.6 Inch Laptop Bag with USB Charging Port For Men Women Boys Girls,749,4.0 out of 5 stars,"14,168"
https://www.amazon.in/Hilfiger-Joshua-Backpack-TH-JOSHUALAP01/dp/B07N8GRWTZ,Tommy Hilfiger Joshua Polyester 20.61L Laptop Backpack For Unisex - Black,"1,799",4.2 out of 5 stars,662
https://www.amazon.in/ADISA-Casual-Backpack-College-BP046-NAV_Navy/dp/B0BX3QFVSM,ADISA 31 Ltrs Casual Backpack School College Bag Pack,349,4.0 out of 5 stars,347
https://www.amazon.in/gp/bestsellers/computers/1375468031/ref=sr_bs_9_1375468031_1,"Gizga Essentials Laptop Bag Sleeve Case Cover Pouch with Handle for 15.6 Inch Laptop for Men & Women, Padded Laptop Compartment, Premium Zipper Closure, Water Repellent Nylon Fabric, Grey",228,4.1 out of 5 stars,"3,395"
https://www.amazon.in/Amazon-Brand-Presto-Oxo-Biodegradable-Garbage/dp/B0821PKWBW,"Presto! Oxo-Biodegradable Garbage Bags, Small - 30 bags/roll (Pack of 6, plastic, Black)",259,4.3 out of 5 stars,"15,900"
https://www.amazon.in/Swisslook-Polyester-15-6-inch-Backpack-Waterproof/dp/B07XYTZP4Z,Red Lemon Swisslook Polyester Bange Series 45L 15.6-inch Laptop Bags Backpack for Men and Women Semi Waterproof USB with Anti Theft Pocket Travel Backpack,"2,699",4.3 out of 5 stars,"1,878"
https://www.amazon.in/SFANE-Duffel-Shoulder-Women-Compartment/dp/B07ZC77WTW,"SFANE Polyester 23 cms Navy Blue Gym Bag, Shoulder Bag, Sports Bag for Men & Women with Separate Shoes Compartment (Blue)",413,4.3 out of 5 stars,"3,159"
https://www.amazon.in/AirCase-13-Inch-13-3-Inch-MacBook-Neoprene/dp/B07Z1X6VFC,"AirCase Protective Laptop Bag Sleeve fits Upto 13.3"" Laptop/MacBook Pro/Air M1/M2, Wrinkle Free, Padded, Waterproof Light Neoprene case Cover Pouch, for Men & Women, Black- 6 Months Warranty",399,4.4 out of 5 stars,"11,210"
https://www.amazon.in/AmazonBasics-Vacuum-Compression-Storage-Bags/dp/B07RSCPH4N,"amazon basics Vacuum Compression Storage Bags with Hand Pump - Large, 5-Pack",599,4.4 out of 5 stars,"11,722"
https://www.amazon.in/Shalimar-Premium-Garbage-Medium-Rolls/dp/B07KT9Q54M,Shalimar Premium OXO - Biodegradable Garbage Bags (Medium) Size 48 cm x 56 cm 4 Rolls 120 Bags Dustbin Bag/Trash Bag - Black Color,269,4.5 out of 5 stars,"18,715"
https://www.amazon.in/Zipline-Nexa-Resistant-Bagpack-Backpack/dp/B08WQ668WJ,Zipline Unisex Casual Polyester 36 L Backpack School Bag Women Men Boys Girls Children Daypack College Bag Book School Sports Bag,843,3.6 out of 5 stars,"1,043"
https://www.amazon.in/Ezee-Garbage-Bag-inches-Pieces/dp/B06VX8YR6Q,Ezee Black Medium Garbage Bags 90 Pcs | 19 X 21 Inch | 30 Pcs x Pack of 3 | Dustbin Trash Bag,155,4.2 out of 5 stars,"28,671"
https://www.amazon.in/Safari-Swagpack-Backpack-Compartments-Raincover/dp/B09B25QMKY,Safari Swagpack 35 Ltrs Large Laptop Backpack With 3 Compartments and Raincover - Black (SWAGPACK19CBBLK),999,3.6 out of 5 stars,548
https://www.amazon.in/Amazon-Brand-Presto-Oxo-Biodegradable-Garbage/dp/B0821PYKVK,"Presto! Oxo-Biodegradable Garbage Bags, Large (24 x 32 inches) - 15 bags/roll (Pack of 6, Black, plastic)",299,4.3 out of 5 stars,"10,308"
https://www.amazon.in/Puma-Carry-Unisex-Duffel-Bag/dp/B089T8PKSQ,Puma Unisex Duffle Bag IND,"1,049",4.0 out of 5 stars,403
https://www.amazon.in/gp/bestsellers/shoes/1983355031/ref=sr_bs_5_1983355031_1,Lavie Women's Beech Satchel Bag | Ladies Purse Handbag,"1,259",4.2 out of 5 stars,"4,495"
https://www.amazon.in/Lenovo-Laptop-Backpack-15-6-Inch-GX40Q17225/dp/B075Y72PHZ,"Lenovo 15.6"" Casual Backpack B210",799,4.1 out of 5 stars,"19,979"
https://www.amazon.in/Lunars-Comet-Resistant-Casual-Backpack/dp/B07WN833M7,Lunar's Comet 35L Water Resistant Travel Bagpack/College Backpack/School Bag/Office Bag/Business Backpack/Daypack for Men and Women with 1 Year Warranty,747,4.0 out of 5 stars,"13,843"
https://www.amazon.in/ADISA-Laptop-Backpack-Office-College/dp/B0BPTV3795,ADISA 32L large laptop backpack office bag college travel back pack with rain cover,449,3.8 out of 5 stars,436
https://www.amazon.in/Lenovo-Comfortable-Dedicated-Compartment-4X41C94115/dp/B09QCYXZ1H,"Lenovo 16-inch Value Lite Backpack, Comfortable, Padded Back Panel, Slim and Sleek, Dedicated Laptop Compartment, Padded Shoulder Straps for Optimal Comfort and Ergonomic Support (4X41C94115)",649,4.6 out of 5 stars,24
https://www.amazon.in/Arctic-Fox-Backpack-Charging-Laptop/dp/B089QBD333,Arctic Fox Slope Anti Theft 23 L Backpack with USB Charging Port 15 Inch Laptop Backpack (Marble Black),"1,299",4.5 out of 5 stars,"4,525"
https://www.amazon.in/NORTH-ZONE-Lightweight-Backpacks-Stylish/dp/B0BL3SPN16,NORTH ZONE Lightweight school bags Backpacks for Boys Girls Stylish men and women Casual Travel Laptop Bag College office,496,4.0 out of 5 stars,"1,114"
https://www.amazon.in/gp/bestsellers/computers/1375464031/ref=sr_bs_12_1375464031_1,TRUE HUMAN EMPEROR® Anti-Theft backpack With USB charging Port Laptop bag/Office bag/college bag/travel bag with anti -theft back pocket (LEGEND),529,3.7 out of 5 stars,"2,763"
https://www.amazon.in/Backpack-Business-Backpacks-Charging-Resistant/dp/B094DGXXR5,"FUR JADEN Travel Laptop Backpack, Business Backpacks with USB Charging Port, Water Resistant College School Computer Bag for Men & Women Fits Under 15.6 inch Laptop and Notebook",999,4.2 out of 5 stars,385
https://www.amazon.in/Lipton-Honey-Lemon-Green-Pieces/dp/B01HMQ4HLW,"Lipton Honey Lemon Green Tea Bags 100 pcs, All Natural Flavour, Zero Calories - Improves Metabolism & Reduces Waist",482,4.4 out of 5 stars,Green
https://www.amazon.in/Safari-Laptop-Backpack-Resistant-Fabric/dp/B09B25Z8M2,Safari Quill Large Laptop Backpack 26 Ltrs Water Resistant Fabric - Black,799,3.9 out of 5 stars,"1,112"
https://www.amazon.in/Nivia-6853BKGR-Polyester-Black-Grey/dp/B07NLB6FRS,NIVIA Basic Duffle Polyester Bag/Gym Bags/Adjustable Shoulder Bag for Men/Duffle Gym Bags for Men/Fitness Bag/Carry Bags/Sports & Travel Bag/Sports Kit/Duffle Bags Travel,219,4.0 out of 5 stars,"4,170"
https://www.amazon.in/ZIPLINE-Polyester-Backpack-Children-Daypack/dp/B07XVMR33Q,Zipline Unisex casual polyester 36 L Backpack School Bag Women Men Boys Girls children Daypack College Bag Book School Sports Bag Weekend Bag,843,4.0 out of 5 stars,"6,673"
https://www.amazon.in/Skybags-Trooper-Polycarbonate-Hardsided-Luggage/dp/B085SZKR6B,Skybags Trooper 65 cms Medium Check-in Polycarbonate Hardsided 4 Wheels Spinner Luggae/Suitcase/Trolley Bag- Blue and White,"2,699",4.2 out of 5 stars,"19,880"
https://www.amazon.in/Shalimar-Premium-Garbage-Medium-Black/dp/B016DCB9OO,Shalimar Premium OXO - Biodegradable Garbage Bags 19 X 21 Inches (Medium) 180 Bags (6 Rolls) Dustbin Bag/Trash Bag - Black Color,406,4.5 out of 5 stars,"15,495"
https://www.amazon.in/Home-Puff-Insulated-Lightweight-Multiple/dp/B0B42KFBDM,"Home Puff Lunch Bag for Women & Men, Insulated Lunch Bag, Tiffin Lunch Bag for Office/College/School, Bottle Holder, Lightweight, Durable Handles, Multiple Pockets, with Warranty, Made in India, Grey",299,4.3 out of 5 stars,633
https://www.amazon.in/Police-Polyester-Black-Laptop-Backpack/dp/B078S7GB96,POLICE Backpack Laptop Bag for Men Casual Backpack Office/Travel/College 30 Ltr Hedge Polyester - Black,"1,499",4.2 out of 5 stars,"4,170"
https://www.amazon.in/Nivia-5183-Polyester-Duffle-Medium/dp/B071KNXQ7Y,NIVIA Beast Gym Bag-4 Polyester/Unisex Gym Bags/Shoulder Bag for Men & Women with Separate Shoes Compartment/Carry Gym Accessories/Fitness Bag/Sports & Travel Bag/Sports Kit,489,4.2 out of 5 stars,"3,671"
https://www.amazon.in/Arctic-Fox-Liters-String-Backpack/dp/B08L6Q9V1H,Arctic Fox 15 Liters Draw String Bag Lavender Backpack,199,4.2 out of 5 stars,"3,761"
https://www.amazon.in/gp/bestsellers/electronics/1389022031/ref=sr_bs_8_1389022031_1,"Dyazo Water Resistant Camera Bag/Case Shoulder Strap Space for Photography Lens and Accessories Compatible for Nikon, Canon, Sony, Panasonic, Samsung & Other SLR/DSLR etc (Black & Silver)",698,4.2 out of 5 stars,724
https://www.amazon.in/gp/bestsellers/shoes/1983352031/ref=sr_bs_9_1983352031_1,INOVERA Faux Leather Women Handbags Shoulder Hobo Bag Purse With Long Strap,999,4.2 out of 5 stars,"8,974"
https://www.amazon.in/SAFARI-Ltrs-Casual-Backpack-DAYPACKNEO15CBSEB/dp/B07Q7CNPMV,Safari Small Size 15 Ltrs Unisex Casual Backpack - Sea Blue,352,4.0 out of 5 stars,"21,263"
https://www.amazon.in/Dell-Essential-Backpack-15-ES1520P/dp/B07TTCXHRH,Dell Essential Backpack 15 (ES1520P),"1,049",4.0 out of 5 stars,"6,881"
https://www.amazon.in/Bennett-Polyester-Drax-Ultrabook-Surfacepro/dp/B091NZ9MYB,Bennett Khadi and Polyester Drax Laptop Bag Sleeve Case Cover Pouch for 15/15.6 inches Laptop Apple/Dell/Lenovo/ASUS/Hp/Samsung/Mi/MacBook/Ultrabook/Thinkpad/Idea Pad/Surfacepro for Laptops (Blue),257,4.1 out of 5 stars,"4,336"
https://www.amazon.in/AmazonBasics-Vacuum-Compression-Storage-Bags/dp/B07RP7TJVT,"amazon basics Plastic Amazonbasics Vacuum Compression Storage Bags With Hand Pump - 15-Pack (2 X-Jumbo, 5 Jumbo, 4 Large, 4 Medium)","1,309",4.3 out of 5 stars,"16,422"
https://www.amazon.in/Safari-Laptop-Backpack-Compartments-Resistant/dp/B09B27CYC4,"Safari Snap 35 Ltrs Large Laptop Backpack With 3 Compartments, Water Resistant Fabric - Black (SNAP19CBBLK)",999,3.8 out of 5 stars,355
https://www.amazon.in/Skybags-Unisex-Polyester-Pattern-Hustle/dp/B07F342RQD,"Skybags Unisex Polyester Solid Pattern Hustle Df 55 (Orange, Small)","1,450",4.3 out of 5 stars,354
https://www.amazon.in/GEAR-Black-Blue-Backpack-years/dp/B019HA8AYG,Gear CarryOn 16L Foldable Water Resistant School Bag//Backpack/College Bag for Men/Women - Blue Black,225,3.7 out of 5 stars,"7,492"
https://www.amazon.in/Dell-Pro-Slim-Backpack-15/dp/B07PMQTB6T,"Dell Pro Slim Backpack 15 - PO1520PS - Fits Most laptops up to 38.1 cm (15 inches, Black)","1,599",4.3 out of 5 stars,500
https://www.amazon.in/Amazon-Brand-Presto-Oxo-Biodegradable-Garbage/dp/B0821QGBDY,"Presto! Oxo-Biodegradable Garbage Bags, XL (30 x 37 inches) - 10 bags/roll (Pack of 6, Black, plastic)",389,4.4 out of 5 stars,"2,104"
https://www.amazon.in/WILDHORN-Backpack-Compartment-Business-Stitching/dp/B09QL81ZHB,"WildHorn 31L Laptop Backpack for Men/Women I Fits upto 15.6"" Laptop I Waterproof I Travel/Business/College Bookbags",599,4.1 out of 5 stars,"1,966"
https://www.amazon.in/BP1501-15-6-inch-Gaming-Laptop-Backpack/dp/B081RLHHCY,Asus ROG BP1501 39.62 cm (15.6-inch) Gaming Laptop Backpack (Black),"1,199",4.3 out of 5 stars,"1,031"
https://www.amazon.in/gp/bestsellers/computers/1375466031/ref=sr_bs_5_1375466031_1,Bennett™ Mystic Formal Business Briefcase Bag Crossbody Messenger College Bags For Men Women MacBook INoteBook ITablet Laptop Upto 15.6 Inch | Handbags with Shoulder Straps (Blue) 6 Months Warranty,452,4.0 out of 5 stars,"6,868"
https://www.amazon.in/Safari-Casual-Backpack-Charging-Resistant/dp/B09B2581S9,"Safari Sneak Casual Backpack with USB Charging Port 26 Ltrs Water Resistant Fabric - Grey, L (SNEAK19CBGRE)",849,3.8 out of 5 stars,"1,133"
https://www.amazon.in/Half-Moon-Laptop-Bag-Compartment/dp/B0C1NZLF67,Half Moon Valex Unisex School Bag/ 15.6 inch Laptop Backpack/College Bagpack/Office Back Packed | Laptop Bag for Men Women | School Bags for Boys & Girls with Small Pockets & Laptop Compartment,549,3.7 out of 5 stars,163
https://www.amazon.in/GOCART-LOGO-Backpack-Briefcase-Convertible/dp/B0822H451W,GOCART WITH G LOGO Laptop Backpack Casual Daypacks Briefcase Convertible Business Travel Rucksack with USB Charging Port Large College School Bookbag Computer Laptop Bag,"1,299",3.8 out of 5 stars,"1,504"
https://www.amazon.in/Handcuffs-Multifunctional-Maternity-Backpack-Nursing/dp/B09413KB4K,Handcuffs Baby Diaper Bag Multifunctional Maternity Bags New Mom Dad Travel Backpack For Baby Care Nursing (Black),"1,186",4.2 out of 5 stars,555
https://www.amazon.in/ZOUK-Printed-Handmade-Leather-handles/dp/B07NHYLTY7,ZOUK Black Floral Printed Handmade Vegan Leather Women's Office Bag for 15.6 inch Laptop with double handles - FloMotif,"1,549",4.3 out of 5 stars,"1,098"
https://www.amazon.in/Newtone-Premium-OXO-Biodegradable-Garbage/dp/B08M5S2NQM,"Newtone Premium OXO - Biodegradable Garbage Bags (Small) Size 43 cm x 51 cm (Dustbin Bag/Trash Bag) (Green Colour) (Pack of - 6, Small)",182,4.2 out of 5 stars,"1,887"
https://www.amazon.in/Half-Moon-Laptop-Backpack-Polyester/dp/B09CMS3K2S,Half Moon 30L Water Resistant 15.6 inch Laptop Bag/Backpack for Men | School Bag for Boys Girls | Office Bag pack for Men/Office Back Packed for Women with Padded Laptop Compartment,459,3.6 out of 5 stars,112
https://www.amazon.in/ADISA-BP005-Weight-Casual-Backpack/dp/B07F3X45WZ,ADISA Light Weight Laptop Backpack 32 Ltrs,449,4.0 out of 5 stars,"6,216"
https://www.amazon.in/Lenovo-Carrying-15-6-Inch-Toploader-GX40Q17229/dp/B075Y6Y9H5,Lenovo 15.6-inch Casual Laptop Briefcase T210,799,4.2 out of 5 stars,"21,633"
https://www.amazon.in/Safari-Backpack-Resistant-Polyester-Travelling/dp/B09B26VHXV,"Safari Flash Casual Backpack, 26 ltr Water Resistant Travel Bags| Weight Polyester Bagpack for Men and Women, Spacious Shoulder Bag for College, Office, Travelling and Camping",699,3.8 out of 5 stars,"3,445"
https://www.amazon.in/Cockatoo-OXO-Biodegradable-Companion-Campaigning-Adventures/dp/B0CF9Q8HPN,"Cockatoo CMP01 OXO-Biodegradable Garbage Bags Medium|Your Ultimate Companion for Campaigning and Traveling|for Keeping Your Adventures Clean and Green,30 Bags/Rollx3,(18.5 X 20.5 Inch)",99,4.9 out of 5 stars,124
https://www.amazon.in/Half-Moon-Resistant-Backpack-Compartment/dp/B0BHX7GY16,Half Moon Large 37L Laptop Bag Backpack for menं Women Boys and Girls Luggage Travel Bags with 17.3 inches Laptop Compartment & Rain Cover,689,3.9 out of 5 stars,"3,832"
https://www.amazon.in/Police-Polyester-laptop-casual-backpack/dp/B09CQ5T3LN,POLICE Backpack for Men Casual Laptop Bag Office/Travel/College 30 LTR Hedge Polyester - Black- Medium,"1,329",3.8 out of 5 stars,"1,337"
https://www.amazon.in/Half-Moon-Resistant-Backpack-Compartment/dp/B0BJ32LQ6X,Half Moon Large 37L Laptop Bag Backpack for menं Women Boys and Girls Luggage Travel Bags with 17.3 inches Laptop Compartment & Rain Cover,689,3.9 out of 5 stars,"3,832"
https://www.amazon.in/DZert-School-Polyester-Backpack-White/dp/B07GXYHFCY,DZert Clasy Laptop Bag College Bag for Boys Girls 21 L Blue White,339,3.8 out of 5 stars,"2,611"
https://www.amazon.in/TRUE-Emperor-Anti-Theft-backpack-charging/dp/B0BYB631NR,"TRUE HUMAN® Emperor Anti-Theft Pocket backpack With USB charging Port Laptop,office,college,travel bag for men and women(Epower)",499,3.7 out of 5 stars,458
https://www.amazon.in/BennettTM-Mystic-Shoulder-Messenger-Repellent/dp/B09321GJXZ,Bennett™ Mystic 15.6 inch (39.6cm) Laptop Briefcase Shoulder Sling Office Business Professional Travel Messenger Bag for Men and Women Water Repellent Formal Executive Bags (Grey) 6 Months Warranty,452,4.0 out of 5 stars,"6,868"
https://www.amazon.in/DZert-Hiking-Backpack-Boys-Red-Black/dp/B07NCJMM6Z,DZert 1 Day Hiking Backpack for Boys/Girl (10L),209,3.2 out of 5 stars,595
https://www.amazon.in/Safari-Laptop-Backpack-Resistant-Fabric/dp/B09B28TKLG,Safari Quill Large Laptop Backpack 26 Ltrs Water Resistant Fabric - Blue,799,4.0 out of 5 stars,888
https://www.amazon.in/Zebronics-Techshield-Compartment-15-6-inch-Polyester/dp/B0C6QTMYFG,"Zebronics Techshield A1, 18 Liters, 1 Compartment Laptop Backpack and Front Pocket, fit Up to 15.6-inch Laptop, Polyester Fabric, Office Use and Mini Business Travel Bags (Black)",498,3.6 out of 5 stars,11
https://www.amazon.in/Shalimar-Capacity-Travel-Storage-Duffel/dp/B09TPHFMX7,"Shalimar Large Capacity Travel Bag/Storage Bag/Move-in Bags/Duffel Bag - Strong, Durable, Foldable and Water Resistant (Pack of 1) (Blue)",257,4.1 out of 5 stars,540
https://www.amazon.in/Dell-Essential-Backpack-15-ES1520P/dp/B07TTCXHRH,Dell Essential Backpack 15 (ES1520P),"1,049",4.0 out of 5 stars,"6,881"
https://www.amazon.in/Shalimar-Premium-Garbage-Extra-Colour/dp/B07KSZTYWX,Shalimar Premium OXO - Biodegradable Garbage Bags 30 X 37 Inches (Extra Large) 60 Bags (4 rolls) Dustbin Bag/Trash Bag - Black Color,494,4.5 out of 5 stars,"1,457"
https://www.amazon.in/Purple-Tree-Canvas-Tote-Women/dp/B07PLCCQVC,The Purple Tree Canvas Stylish Printed Tote Bag For Women (Pack Of 1) Tbag00270,349,4.1 out of 5 stars,163
https://www.amazon.in/BennettTM-Shoulder-Messenger-Repellent-Charcoal/dp/B09CV24TMK,Bennett™ Mystic Unisex Adult Men's Laptop Bag 15.6 inch Side Shoulder Briefcase Satchel Messenger Business Bags for Men & Women Front Pocket for Laptop Accessories - Black (6 Month Warranty),452,4.0 out of 5 stars,"6,868"
https://www.amazon.in/Resistant-Anti-Theft-Crossbody-Travelling-Hands-Free/dp/B084RPQ187,"Arctic Hunter Sling Bag for Men Stylish Chest Bag with Multip-pockets for 10.9 inch iPad Crossbody Bag Passport Bag with USB Port Water-resistant Anti-theft Side Bag for Men and Women,Black","1,672",4.2 out of 5 stars,268
https://www.amazon.in/Purple-Tree-Canvas-Tote-Women/dp/B07PLCCQVC,The Purple Tree Canvas Stylish Printed Tote Bag For Women (Pack Of 1) Tbag00270,349,4.1 out of 5 stars,163
https://www.amazon.in/BennettTM-Shoulder-Messenger-Repellent-Charcoal/dp/B09CV24TMK,Bennett™ Mystic Unisex Adult Men's Laptop Bag 15.6 inch Side Shoulder Briefcase Satchel Messenger Business Bags for Men & Women Front Pocket for Laptop Accessories - Black (6 Month Warranty),452,4.0 out of 5 stars,"6,868"
https://www.amazon.in/Resistant-Anti-Theft-Crossbody-Travelling-Hands-Free/dp/B084RPQ187,"Arctic Hunter Sling Bag for Men Stylish Chest Bag with Multip-pockets for 10.9 inch iPad Crossbody Bag Passport Bag with USB Port Water-resistant Anti-theft Side Bag for Men and Women,Black","1,672",4.2 out of 5 stars,268
https://www.amazon.in/Motherly-Diaper-Bags-Travel-Basic/dp/B07PKQ3WJZ,motherly Diaper Bags for Mom Travel Basic Edition (Navy Blue),"1,399",4.5 out of 5 stars,"2,688"
https://www.amazon.in/Gear-Superior-Casual-Backpack-BKPSPRIOR0001/dp/B08GY2ZN96,Gear Superior 16L Small Water Resistant School Bag//Casual Backpack/ Daypack/College Bag for Men/Women - Black,299,3.9 out of 5 stars,384
https://www.amazon.in/Lenovo-Professional-Backpack-Water-resistant-Uncompromised/dp/B08R7S55H4,"Lenovo 15.6"" Professional Backpack, Made in India, Water-resistant,Uncompromised storage, Travel friendly:Fleece-lined PC compartment,Vented,Padded BackPanel & Adjustable shoulder straps,Luggage strap",705,4.3 out of 5 stars,"1,093"
https://www.amazon.in/NORTH-ZONE-Lightweight-Backpacks-Stylish/dp/B0BL3S5NC1,NORTH ZONE Lightweight school bags Backpacks for Boys Girls Stylish men and women Casual Travel Laptop Bag College office,540,4.0 out of 5 stars,"1,114"
https://www.amazon.in/Amazon-Basics-Messenger-Shoulder-MacBook/dp/B00DUGZFWY,"Amazon Basics Messenger Laptop Bag with Handle & Shoulder Strap fits upto 15.6"" Laptop / MacBook for Men & Women (Black)",729,4.2 out of 5 stars,"50,118"
https://www.amazon.in/Safari-Hexa-Water-Resistant-Backpack/dp/B09B263JKS,Safari Hexa 21 Ltrs Small Backpack | Water Resistant- Blue,799,3.8 out of 5 stars,"1,211"
https://www.amazon.in/Wesley-Milestone-Waterproof-Backpack-Business/dp/B07K8KLB3P,"Wesley Unisex Milestone Casual Waterproof Laptop Office School College Business Travel Backpack 25 L (Dimensions: 12.5x18 inches) (Compatible with 15.6 inch laptops), Navy Blue",389,4.3 out of 5 stars,"13,582"
https://www.amazon.in/Amazon-Brand-Presto-Oxo-Biodegradable-Garbage/dp/B08TDGVLVM,"Presto! Oxo-Biodegradable Garbage Bags, Small - 30 bags/roll (Pack of 6, Green, For Wet Waste)",299,4.4 out of 5 stars,540
https://www.amazon.in/Storite-Travel-Bag-Lightweight-GreenPink/dp/B0B3JBYZ8C,"Storite Nylon 46 Cm Multi Purpose Travel Duffle Bag for Women with Dry and Wet Separate Pocket, Lightweight Waterproof Backpack Carry Luggage Bag with Shoe Compartment (GreenPink, 46x23x25 cm)","1,399",4.2 out of 5 stars,449
https://www.amazon.in/Half-Moon-Resistant-Backpack-Compartment/dp/B0BYW5SH4L,Half Moon Vision Water Resistant 15.6 inch Laptop Bag for Men/Backpack for Men | Office Bag for Men/Office Bag for Women with Padded Laptop Compartment,459,4.3 out of 5 stars,17
https://www.amazon.in/gp/bestsellers/luggage/1984997031/ref=sr_bs_13_1984997031_1,"Fur Jaden 55 LTR Rucksack Travel Backpack Bag for Trekking, Hiking with Shoe Compartment",749,4.3 out of 5 stars,"5,875"
https://www.amazon.in/Half-Moon-Resistant-Backpack-Compartment/dp/B09T2TCSW7,Half Moon 34 L Water Resistant 15.6 inch Laptop Bag/Backpack for Men Women Boys Girls/Office School College with Padded Laptop Compartment (Grey),489,3.9 out of 5 stars,"1,413"
https://www.amazon.in/Storite-Cross-Travel-Dark-Grey/dp/B07PFF4RYC,Storite Stylish Padded Small Nylon Sling Cross Body Travel Office Business Messenger One Side Shoulder Bag for Men Women (25x16x7.5cm) (Dark Grey),336,4.1 out of 5 stars,"8,808"
https://www.amazon.in/Storite-Cross-Travel-Dark-Grey/dp/B07PFF4RYC,Storite Stylish Padded Small Nylon Sling Cross Body Travel Office Business Messenger One Side Shoulder Bag for Men Women (25x16x7.5cm) (Dark Grey),336,4.1 out of 5 stars,"8,808"
https://www.amazon.in/Half-Moon-Resistant-Backpack-Compartment/dp/B09T2TCSW7,Half Moon 34 L Water Resistant 15.6 inch Laptop Bag/Backpack for Men Women Boys Girls/Office School College with Padded Laptop Compartment (Grey),489,3.9 out of 5 stars,"1,413"
https://www.amazon.in/Business-Casual-Resistant-Laptop-Backpack/dp/B0862V2GKH,MI Business Casual 21L Water Resistant Laptop Backpack,799,4.4 out of 5 stars,"1,436"
https://www.amazon.in/ASUS-Backpack-Cross-Dyed-Material-Suitable/dp/B09Q68446F,"ASUS BP4600 Laptop Backpack (Grey), with Cross-dyed Woven Fabric Material, Suitable for up to 40.64 cm (16-inch) Laptop","1,238",4.3 out of 5 stars,77
https://www.amazon.in/Killer-Backpack-Compartments-Polyester-Waterproof/dp/B07C9XHZT1,KILLER Louis 38L Large Laptop Backpack With 3 Compartments Polyester Trendy Waterproof Travel Backpack,"1,749",4.4 out of 5 stars,"9,467"
https://www.amazon.in/Shalimar-Premium-Garbage-Large-Rolls/dp/B07KT98RKS,Shalimar Premium OXO - Biodegradable Garbage Bags 24 X 32 Inches (Large) 60 Bags (4 rolls) Dustbin Bag/Trash Bag - Black Color,299,4.5 out of 5 stars,"4,612"
https://www.amazon.in/MY-FAV-Resistant-Polyester-Lightweight/dp/B0BS1GGW8Q,"MY FAV Water Resistant Polyester Backpack for Men/Women Travel, Business, College with Smooth Runner Zipper and Lightweight Casual Bag (11.5 Liter)",177,3.3 out of 5 stars,27
https://www.amazon.in/American-Tourister-LAPTOP-BACKPACK-POLYESTER/dp/B0BLCXMTZ7,American Tourister Spin Laptop Backpack 28L Polyester Black-Medium,"1,199",3.9 out of 5 stars,64
https://www.amazon.in/TRUE-HUMAN-EMPEROR%C2%AEMulti-purpose-backpack-charging/dp/B0CCLKZ21R,"TRUE HUMAN EMPEROR®Multi-purpose backpack With USB charging Port Laptop,office,college,travel bag for men and women (WIZ)",499,3.9 out of 5 stars,7
https://www.amazon.in/Murano-Casual-daybackpack-Office-College/dp/B0BX9GLFD6,Murano Louis 10ltr Casual daybackpack/Office & Travel Bag/School Bag/College Bag/Men/Women/Girl/Boy (Dark Grey),189,3.4 out of 5 stars,140
https://www.amazon.in/Sfane-Women-Trendy-Black-Duffel/dp/B07GCR84D9,"Sfane Polyester 9.05 Black Men & Women Trendy Black Sports Duffle Gym Bag, Shoulder Bag",309,4.2 out of 5 stars,"1,339"
https://www.amazon.in/AirCase-C34-Laptop-Backpack-Women/dp/B07QN4KXWG,AirCase C34- 13 Inch/ 14 Inch/15.6 Inch Premium Vegan Leather Laptop Backpack for Men & Women (Black)- 25 Ltrs,849,3.8 out of 5 stars,"2,271"
https://www.amazon.in/WILD-MODA-Womens-Shoulder-Turquoise/dp/B099PLT91X,"WILD MODA Women's Shoulder Bag, Set of 1",806,4.2 out of 5 stars,"4,336"
https://www.amazon.in/Amazon-Basics-Casual-Backpack-15-6-inch/dp/B09W4WJ1CB,Amazon Basics 20 ltrs Casual/Travel/College Backpack for 15.6-inch Laptop | Water Resistant Fabric,359,4.0 out of 5 stars,416
https://www.amazon.in/G-1-Medium-Disposable-Garbage-Dustbin/dp/B077RJ1YMW,G 1 Disposable Garbage / Dustbin Bags | Medium Size | Pack of 4 | 30 Bags/Pack | Black Color | 19X21 Inches (Plastic),208,4.2 out of 5 stars,"15,739"
https://www.amazon.in/Nivia-5177BK-Polyester-String-Black/dp/B071XM6PSM,Nivia String Bag Polyester Made for Men Waterproof/Drawstring Backpack (Black),156,4.1 out of 5 stars,"1,979"
https://www.amazon.in/TRUE-HUMAN-EMPEROR%C2%AEMulti-purpose-backpack-charging/dp/B0CCLKZ21R,"TRUE HUMAN EMPEROR®Multi-purpose backpack With USB charging Port Laptop,office,college,travel bag for men and women (WIZ)",499,3.9 out of 5 stars,7
https://www.amazon.in/Murano-Casual-daybackpack-Office-College/dp/B0BX9GLFD6,Murano Louis 10ltr Casual daybackpack/Office & Travel Bag/School Bag/College Bag/Men/Women/Girl/Boy (Dark Grey),189,3.4 out of 5 stars,140
https://www.amazon.in/Sfane-Women-Trendy-Black-Duffel/dp/B07GCR84D9,"Sfane Polyester 9.05 Black Men & Women Trendy Black Sports Duffle Gym Bag, Shoulder Bag",309,4.2 out of 5 stars,"1,339"
https://www.amazon.in/AirCase-C34-Laptop-Backpack-Women/dp/B07QN4KXWG,AirCase C34- 13 Inch/ 14 Inch/15.6 Inch Premium Vegan Leather Laptop Backpack for Men & Women (Black)- 25 Ltrs,849,3.8 out of 5 stars,"2,271"
https://www.amazon.in/WILD-MODA-Womens-Shoulder-Turquoise/dp/B099PLT91X,"WILD MODA Women's Shoulder Bag, Set of 1",806,4.2 out of 5 stars,"4,336"
https://www.amazon.in/Amazon-Basics-Casual-Backpack-15-6-inch/dp/B09W4WJ1CB,Amazon Basics 20 ltrs Casual/Travel/College Backpack for 15.6-inch Laptop | Water Resistant Fabric,359,4.0 out of 5 stars,416
https://www.amazon.in/G-1-Medium-Disposable-Garbage-Dustbin/dp/B077RJ1YMW,G 1 Disposable Garbage / Dustbin Bags | Medium Size | Pack of 4 | 30 Bags/Pack | Black Color | 19X21 Inches (Plastic),208,4.2 out of 5 stars,"15,739"
https://www.amazon.in/Nivia-5177BK-Polyester-String-Black/dp/B071XM6PSM,Nivia String Bag Polyester Made for Men Waterproof/Drawstring Backpack (Black),156,4.1 out of 5 stars,"1,979"
https://www.amazon.in/TRAWOC-Travel-Backpack-Compartment-Women-Olivegreen/dp/B0CFFLCBKZ,TRAWOC Travel Backpack - 40 Litre Laptop Bag with Rain Cover & Shoe Compartment - Versatile Casual Bag - Ideal Backpack for Men and Women,"1,345",5.0 out of 5 stars,1
https://www.amazon.in/Half-Moon-Rucksack-Bags-Compartment/dp/B09S14TTG6,"Half Moon 40L Waterproof Laptop Bag | Rucksack Bags for Men/Trekking Bags for Men, Polyester, Black | With Laptop Compartment & Rain cover | For Trekking, Hiking, Travel Backpack for Men & Women",689,3.8 out of 5 stars,148
https://www.amazon.in/Lavie-MARMA-Womens-Sling-Bag/dp/B07KMBNKXZ,Lavie Women's Marma Dome Sling Bag| Ladies Purse Handbag,929,4.0 out of 5 stars,"3,244"
https://www.amazon.in/Amazon-Basics-Laptop-Backpack-Repellent/dp/B09W43XLBY,"Amazon Basics Water Repellent and Wear Resistant Laptop Backpack - 24L, Blue",599,4.2 out of 5 stars,636
https://www.amazon.in/Safari-Sheild-Resistant-Casual-Backpack/dp/B09B28M2RN,Safari Sheild 26 Ltrs Water Resistant Casual Backpack - (SHEILD19CBBLK),649,4.0 out of 5 stars,600
https://www.amazon.in/Safari-Spartan-Water-Resistant-Backpack/dp/B09B277CR5,"Safari Spartan 21 Ltrs Water Resistant Backpack - Teal, S (SPARTAN19CBTEA)",599,3.8 out of 5 stars,"1,075"
https://www.amazon.in/Adjustable-Waterproof-Breathable-Anti-Shock-Compatible/dp/B0C58X3CRX,"Amazon Basics Classic Camera Shoulder Bag, Adjustable Strap, Waterproof material, Breathable Mesh, Anti-Shock, Compatible with Nikon, Canon and Sony Mirrorless Cameras",549,3.6 out of 5 stars,6
https://www.amazon.in/Killer-Backpack-Compartments-Polyester-Waterproof/dp/B07CDD6YS2,KILLER Louis 38L Large Laptop Backpack With 3 Compartments Polyester Trendy Waterproof Travel Backpack,"1,749",4.4 out of 5 stars,"9,467"
https://www.amazon.in/Adjustable-Waterproof-Breathable-Anti-Shock-Compatible/dp/B0C58X3CRX,"Amazon Basics Classic Camera Shoulder Bag, Adjustable Strap, Waterproof material, Breathable Mesh, Anti-Shock, Compatible with Nikon, Canon and Sony Mirrorless Cameras",549,3.6 out of 5 stars,6
https://www.amazon.in/Killer-Backpack-Compartments-Polyester-Waterproof/dp/B07CDD6YS2,KILLER Louis 38L Large Laptop Backpack With 3 Compartments Polyester Trendy Waterproof Travel Backpack,"1,749",4.4 out of 5 stars,"9,467"
https://www.amazon.in/Casual-Backpack-Charging-Laptop-Compartment/dp/B07J46KLFP,"FUR JADEN 15.6 Inch Laptop Backpack 25 LTR Bag for School, College and Office with USB Charging Port",429,3.9 out of 5 stars,"10,499"
https://www.amazon.in/Paarsv-Tamper-Courier-Without-Jacket/dp/B018E1O6LU,SECUREMENT® Tamper Proof Courier Bags with Pod Jacket documen pouch 10x 14 (100 Pcs),325,4.1 out of 5 stars,314
https://www.amazon.in/FATMUG-Laptop-Bag-Men-Convertible/dp/B084LF4RT5,"FATMUG Laptop Bag For Men - Convertible Backpack For Office And Travel (Dark Grey,Oxford Fabric)","1,699",4.4 out of 5 stars,"2,588"
https://www.amazon.in/Tabelito%C2%AE-Basic-Laptop-Sleeve-Surfacepro/dp/B09NDTW8SP,Tabelito® Basic Laptop Bag Laptop Cover Laptop Bags Laptop Sleeve Office Bag Laptop Bag 15.6 inch(39.6cm) Laptop Apple/Lenovo/Asus/Hp/MacBook/Thinkpad/Ideapad (Grey),257,4.1 out of 5 stars,"2,554"
https://www.amazon.in/ADISA-Laptop-Backpack-Office-College/dp/B0BPVLXD53,ADISA 32L large laptop backpack office bag college travel back pack with rain cover,449,3.8 out of 5 stars,436
https://www.amazon.in/AmazonBasics-Vacuum-Compression-Storage-Bags/dp/B07RP7WHHY,"amazon basics PlasticVacuum Compression Storage Bags With Hand Pump - 6-Pack (2 Jumbo, 2 Large, 2 Medium)",749,4.4 out of 5 stars,"9,262"
https://www.amazon.in/Amazon-Brand-Presto-Oxo-Biodegradable-Garbage/dp/B08TDCGCPK,"Amazon Brand - Presto! Oxo-Biodegradable Garbage Bags, Small - 30 bags/roll (Pack of 3, Green, For Wet Waste)",189,4.3 out of 5 stars,635
https://www.amazon.in/SFANE-Polyester-Shoulder-Separate-Compartment/dp/B08KG7J7L5,"SFANE Polyester Red Duffel Gym Bag, Shoulder Bag, Sports Bag for Men & Women with Separate Shoe Compartment (Black) (Red) Set Of 1",365,4.3 out of 5 stars,502
https://www.amazon.in/Wildcraft-Music-Backpack-Green-11954/dp/B07N2SBX54,Wildcraft Unisex Zip Closure Backpack (Green_Free Size),"1,019",4.4 out of 5 stars,384
https://www.amazon.in/Genie-Moonlight-compartments-Lightweight-Travelling/dp/B097PGGTNJ,"Genie Moonlight Laptop Backpack for Women, 3 compartments, Water Resistant and Lightweight Bags for Office and Travelling Purpose. 36 litres. (19 inch) Black colour",899,4.5 out of 5 stars,17
https://www.amazon.in/Red-Lemon-Ironlook-Briefcase-Anti-Theft/dp/B09ZYMT7V1,Red Lemon Bange Hard Ironlook Briefcase Laptop Bag Anti-Theft Hard Shell Unisex Laptop Backpack with USB Charging Backpack for Men and Women,"4,897",4.4 out of 5 stars,115
https://www.amazon.in/Heart-Home-Garbage-Dustbin-HS41HEARTHH24001/dp/B09DSKVLBG,Heart Home Small OXO-Biodegradable Waste Bags|30 Bags Roll|Leak Proof & Odour Free|Easy Disposal|Size 43 x 48 CM (Black)-HS41HEARTHH24001 (Plastic),59,3.9 out of 5 stars,323
https://www.amazon.in/Corduroy-Reusable-Shopping-Washable-Shoulder/dp/B0BNX437F8,PALAY® Tote Bags For Women Bag Corduroy Large Capacity Reusable Shopping Bag Washable Shoulder Bags HandBags for School Work Shopping Travel Daily Use Grocery,488,4.3 out of 5 stars,99
https://www.amazon.in/Half-Moon-Travelling-Rucksack-Compartment/dp/B09WDGZ32L,Half Moon 55 litres Travelling Laptop Bag/Rucksack Backpack for Luggage Travel Journey Trekking Hiking Bags for Men Women Boys and Girls with Laptop Compartment & Rain Cover,799,3.9 out of 5 stars,638
https://www.amazon.in/Corduroy-Reusable-Shopping-Washable-Shoulder/dp/B0BNX437F8,PALAY® Tote Bags For Women Bag Corduroy Large Capacity Reusable Shopping Bag Washable Shoulder Bags HandBags for School Work Shopping Travel Daily Use Grocery,488,4.3 out of 5 stars,99
https://www.amazon.in/Half-Moon-Travelling-Rucksack-Compartment/dp/B09WDGZ32L,Half Moon 55 litres Travelling Laptop Bag/Rucksack Backpack for Luggage Travel Journey Trekking Hiking Bags for Men Women Boys and Girls with Laptop Compartment & Rain Cover,799,3.9 out of 5 stars,638
https://www.amazon.in/ADISA-Laptop-Backpack-College-z-Black/dp/B09TPY1G1W,ADISA 15.6 inch laptop backpack office bag college travel back pack 32 Ltrs,399,3.9 out of 5 stars,"1,392"
https://www.amazon.in/Tabelito-NEO-Backpack-Business-Compartment/dp/B0C2D2GPWJ,"Tabelito® NEO 3O L Water Resistant Laptop/College/Office/School/Travel/Business Bag, Unisex Backpack for Men Women Fits Up to 15.6 Inch Laptop Notebook.",349,3.8 out of 5 stars,292
https://www.amazon.in/Foldable-Laundry-Capacity-Quality-Combination/dp/B0BRFRVQMX,"GLUN® Round Shape Foldable Laundry Bag Capacity of 45 Ltr, Non Woven Toys and Cloth Bag, Grey and Black Combination Pack of 1",161,3.8 out of 5 stars,116
https://www.amazon.in/Ezee-Garbage-Bags-48x54-Medium/dp/B074CW3JV4,"Ezee Garbage Bags - 48X54 Cm (6 Rolls, 180 Bags, Medium, Black, plastic)",269,4.2 out of 5 stars,"8,597"
https://www.amazon.in/ROZEN-School-partition-Collage-Backpack/dp/B0BRTCFQ5G,"ROZEN 47 Ltrs, 46 cms School Bag Class 5-12 Large 5 partition Laptop Collage Office Travel Backpack Unisex",697,4.1 out of 5 stars,342
https://www.amazon.in/HARISSONS-15-6-inch-Backpack-Organizers-Detachable/dp/B07M5P5LW3,"HARISSONS Bags Vervo 15.6-inch Laptop/Travel/Casual Backpack for Men and Women with Rain Cover (Black, 40 Ltrs) | Quick Access Zippered Pocket, Detailed Organizers & a Detachable Key Chain Holder","2,583",4.4 out of 5 stars,"2,027"
https://www.amazon.in/Tabelito%C2%AE-Delta-Waterproof-Backpack-Compatible/dp/B0BLK1Z7DQ,"Tabelito® DELTA Casual Waterproof Laptop Backpack/Office Bag/School Bag/College Bag/Business Bag/Unisex Travel Backpack (Compatible with 15.6 inch Laptop) 30 L, (6 Month Warranty)",539,4.3 out of 5 stars,208
https://www.amazon.in/ZOUK-Handmade-Leather-Handles-Multicolor/dp/B09QRYDXJH,ZOUK Women Laptop Bag Royal Indian Peacock Motif,"1,529",4.4 out of 5 stars,180
https://www.amazon.in/DZert-Polyester-Black-White-Backpack/dp/B07GXX2BP3,DZert Clasy Laptop Bag College Bag for Boys Girls 21 L Red Black,339,3.8 out of 5 stars,"2,611"
https://www.amazon.in/Zureni-OXO-Biodegradable-Drawstring-Anti-drip-Warehouse/dp/B0BTHC4F2T,"Zureni OXO-Biodegradable Garbage Dustbin Bags (Large, 60 x 81 cm) Drawstring Anti-drip Trash Waste Basket Bag for Kitchen Office Warehouse Pantry (Black, Green, Blue, 3 x 15 Pcs/Roll)",149,4.2 out of 5 stars,609
https://www.amazon.in/CRALOFT-Premium-Water-resistant-Compact-S5/dp/B0BRV3HVZ4,"CRALOFT Premium 9 Inch Mini Sling Bag for Men and Women, Small Travel Bag with Water-resistant, Compact, and Sturdy Small Sling Bag (S5, Black with Radium Bar)",549,4.3 out of 5 stars,253
https://www.amazon.in/Amazon-Basics-Laptop-College-Backpack/dp/B0C8NX7HTX,"Amazon Basics Opel Laptop Bag/Office/College Backpack for 15.6 inch laptop(20 L, Black)",509,3.8 out of 5 stars,157
https://www.amazon.in/LOOKMUSTER-Waterproof-Backpack-College-Business/dp/B0BS6YGKMC,LOOKMUSTER Casual Waterproof Laptop Backpack/Office Bag/School Bag/College Bag/Business Bag/Travel Backpack…,434,4.0 out of 5 stars,59
https://www.amazon.in/PUMA-Casual-Backpack-IND-Black-CASTLEROCK/dp/B08BTD8YZP,PUMA Casual Backpack IND II Black-CASTLEROCK,"1,019",4.1 out of 5 stars,279
https://www.amazon.in/Amazon-Basics-Laptop-College-Backpack/dp/B0C8NX7HTX,"Amazon Basics Opel Laptop Bag/Office/College Backpack for 15.6 inch laptop(20 L, Black)",509,3.8 out of 5 stars,157
https://www.amazon.in/Zureni-OXO-Biodegradable-Drawstring-Anti-drip-Warehouse/dp/B0BTHC4F2T,"Zureni OXO-Biodegradable Garbage Dustbin Bags (Large, 60 x 81 cm) Drawstring Anti-drip Trash Waste Basket Bag for Kitchen Office Warehouse Pantry (Black, Green, Blue, 3 x 15 Pcs/Roll)",149,4.2 out of 5 stars,609
https://www.amazon.in/LOOKMUSTER-Waterproof-Backpack-College-Business/dp/B0BS6YGKMC,LOOKMUSTER Casual Waterproof Laptop Backpack/Office Bag/School Bag/College Bag/Business Bag/Travel Backpack…,434,4.0 out of 5 stars,59
https://www.amazon.in/CRALOFT-Premium-Water-resistant-Compact-S5/dp/B0BRV3HVZ4,"CRALOFT Premium 9 Inch Mini Sling Bag for Men and Women, Small Travel Bag with Water-resistant, Compact, and Sturdy Small Sling Bag (S5, Black with Radium Bar)",549,4.3 out of 5 stars,253
https://www.amazon.in/ROZEN-School-partition-Collage-Backpack/dp/B0BRTDXVZC,"ROZEN 47 Ltrs, 46 cms School Bag Class 5-12 Large 5 partition Laptop Collage Office Travel Backpack Unisex",697,4.1 out of 5 stars,342
https://www.amazon.in/Half-Moon-Backpack-Spacious-Multiple/dp/B0C6N3MYL2,Half Moon Aztec 37L School Bag Class 5-12 | College Bagpack for Men/College Back pack for Women | 15.6 inch Laptop Bag for Men/Backpack for Men | Spacious & Multiple Pockets,529,3.5 out of 5 stars,352
https://www.amazon.in/ADISA-Womens-Girls-Party-Crossbody/dp/B0B2WBJ2H8,ADISA Women's Girls Party Sling Bag Crossbody,289,4.0 out of 5 stars,689
https://www.amazon.in/HP-15-6-inch-Backpack-Pass-Through-793A7AA/dp/B0BYDWD4VL,HP 330 15.6-inch Laptop Backpack/Trolley Pass-Through; Padded Back Panel; Padded air mesh Panel/Hand wash and air Dry/1 Year Limited Warranty (793A7AA),799,4.3 out of 5 stars,8
https://www.amazon.in/gp/bestsellers/electronics/4175441031/ref=sr_bs_8_4175441031_1,Dyazo Water Resistant Camera Backpack with Extra Front Pocket Photographers Bag with Rain Cover Tripod Holder Compatible for Sony Nikon Canon Panasonic DSLR (Black & Orange),698,4.2 out of 5 stars,724
https://www.amazon.in/ADISA-Laptop-Backpack-Office-College/dp/B09TPVD964,ADISA 15.6 inch laptop backpack office bag college travel back pack 32 Ltrs,399,3.9 out of 5 stars,"1,392"
https://www.amazon.in/Backpack-Business-Backpacks-Charging-Resistant/dp/B094DGX84G,"FUR JADEN Travel Laptop Backpack, Business Backpacks with USB Charging Port, Water Resistant College School Computer Bag for Men & Women Fits Under 15.6 inch Laptop and Notebook",979,4.3 out of 5 stars,609
https://www.amazon.in/Dyazo-Resistant-Compatible-laptops-Notebooks/dp/B09BFV96TS,"Dyazo Water Resistant Laptop Sleeve with Handle Compatible for 15 Inch to 15.6"" Inches laptops & Notebooks - Grey",284,4.3 out of 5 stars,"5,194"
https://www.amazon.in/NIVIA-Polyester-Shoulder-Compartment-Accessories/dp/B07NJGW3WX,NIVIA Beast Gym Bag-4 Polyester/Unisex Gym Bags/Shoulder Bag for Men & Women with Separate Shoes Compartment/Carry Gym Accessories/Fitness Bag/Sports & Travel Bag/Sports Kit (Navy Blue),489,4.0 out of 5 stars,142
https://www.amazon.in/F-Gear-Milestone-Casual-Laptop-Backpack/dp/B08FX1R6WY,F Gear Milestone Olive Casual 20 Ltrs Laptop Backpack (3376),"1,155",4.0 out of 5 stars,855
https://www.amazon.in/Stylbase-Trends-Polyester-Character-Embossed/dp/B0BNL2PBPH,"Stylbase 15 inches Kids 3D Cartoon Backpack - Lightweight, Waterproof, Adjustable Shoulder Straps, 3 Compartments, Bottle Holder - Perfect for School and Outdoor Adventures",551,4.0 out of 5 stars,211
https://www.amazon.in/DAHSHA-Sling-Messenger-Bag-Grey/dp/B09CGDFNBV,"DAHSHA Nylon Stylish Small 6 Multi-Pocket Zip Closure Sling Cross Body Travel Messenger One Side Shoulder Bag for Men & Women (Grey, 25 x 10 x 20 CM)",545,4.0 out of 5 stars,857
https://www.amazon.in/House-Quirk-Maternity-Backpack-Elephant/dp/B07QV7SH4S,House of Quirk Baby Diaper Bag Maternity Backpack (Blue Elephant Printed),"1,315",4.2 out of 5 stars,"4,013"
https://www.amazon.in/DZert-Polyester-Black-White-Backpack/dp/B07GXX2BP3,DZert Clasy Laptop Bag College Bag for Boys Girls 21 L Red Black,339,3.8 out of 5 stars,"2,611"
https://www.amazon.in/PLAYY-BAGS-Polyester-Business-Shoulder/dp/B0CJC93HDH,PLAYY BAGS Small 12 L daypack Small Bag for Daily Use - 2 Compartment Mini daypack,224,N/A,M.R.P:
https://www.amazon.in/Half-Moon-Hercules-Travelling-Compartment/dp/B0CJ3FDW3K,Half Moon Hercules 55L Travelling Laptop Bag/Rucksack Backpack for Luggage Travel Journey Trekking Hiking Bags for Men Women Boys and Girls with Laptop Compartment & Rain Cover (Black),689,5.0 out of 5 stars,4
https://www.amazon.in/gp/bestsellers/luggage/2917440031/ref=sr_bs_4_2917440031_1,Boldfit Waist Bag for Men Fanny Pack for Women Fanny Pack for Men Waist Bag for Women Chest Bag for Women Waist Pouch for Men Waist Bag for Boys Waist Bags for Girls Fanny Bag - Black,349,4.2 out of 5 stars,"1,289"
https://www.amazon.in/Amazon-Brand-Solimo-Underbed-Storage/dp/B084MS8LTW,Amazon Brand - Solimo Rectangular Rexine Jumbo Underbed Storage Bag with Zipper and Handle- 18.9 x 23.62 x 14.17 Inches (Black and White),339,4.2 out of 5 stars,"1,137"
https://www.amazon.in/AirCase-C24-Messenger-Shoulder-Compartments/dp/B07Y3DB5YZ,"AirCase Office Sling Messenger Bag fits upto 14.1"" Laptop/Macbook, Detachable Shoulder Strap, Waterproof, Shockproof, Carry Handle with Spacious Pockets, For Men & Women, Blue",729,4.0 out of 5 stars,"1,748"
https://www.amazon.in/AirCase-Premium-Waterproof-Neoprene-Warranty/dp/B07JBBKD5S,"AirCase Premium Laptop Bag with 6 Pockets fits Upto 15.6"" Laptop/MacBook, Wrinkle Free, Padded, Waterproof Light Neoprene case Cover Sleeve Pouch, for Men & Women,Ash- 6 Months Warranty",598,4.4 out of 5 stars,"4,268"
https://www.amazon.in/ADISA-Women-Girls-Floral-SL5072-CRE_Cream/dp/B09B56BCXR,ADISA Women Girls Floral Print Sling Bag,349,4.2 out of 5 stars,"1,269"
https://www.amazon.in/Skybags-Unisex-Black-Fabric-Backpacks/dp/B0B21YQX55,Skybags Unisex Gucci Fabric Backpacks,945,3.9 out of 5 stars,523
https://www.amazon.in/Essentials-Laptop-Sleeve-13-3-Inch-Accessories/dp/B09RF47WDL,"Gizga Essentials Laptop Bag Sleeve Case Cover Pouch for 13.3 Inch Laptop for Men & Women, Padded Laptop Compartment, Free Accessories Pouch, Premium Zipper Closure, Water Repellent Nylon Fabric, Grey",298,4.1 out of 5 stars,114
https://www.amazon.in/JD-Expandable-Waterproof-Sakura-Pink/dp/B0BRNP6M1D,"JD Fresh Nylon 41 Liter Expandable Travel Bags for Women, Duffle Bags for Women Luggage, Foldable Vanity Traveling Bag, Waterproof Hand Bag for Ladies Personal Items (Sakura Pink,41 x 22 x 26 CM cm)",731,3.9 out of 5 stars,424
https://www.amazon.in/Gear-LOGI-Q-Resistant-Backpack-Black-White/dp/B0BTJ2VV17,Gear LOGI-Q 27L Medium Water Resistant Anti-Theft Laptop Bag/Backpack/Office Bag with Trolley Sleevefor Men/Women (Black-White),645,4.7 out of 5 stars,7
https://www.amazon.in/Amazon-Basics-Laptop-College-Backpack/dp/B0C8NSJ4RD,"Amazon Basics Opel Laptop Bag/Office/College Backpack for 15.6 inch laptop(20 L, Grey)",499,3.9 out of 5 stars,7
https://www.amazon.in/HAMMONDS-FLYCATCHER-Laptop-Bag-Men/dp/B083M1QK32,HAMMONDS FLYCATCHER Laptop Bag for Men - Genuine Leather Messenger Shoulder Bag - Fits 14/15.6/16 Inch Laptops - Brown Office Bag - Multiple Pockets -Water Resistant -Executive Bag for Work and Travel,"4,716",4.4 out of 5 stars,590
https://www.amazon.in/NORTH-ZONE-Restant-Office-Backpack/dp/B0CJ38KTFS,NORTH ZONE 30L Water Restant Office Laptop Bag/Backpack for Men/Women/(Black),449,4.0 out of 5 stars,1
https://www.amazon.in/AirCase-C24-Messenger-Shoulder-Compartments/dp/B07Y3DB5YZ,"AirCase Office Sling Messenger Bag fits upto 14.1"" Laptop/Macbook, Detachable Shoulder Strap, Waterproof, Shockproof, Carry Handle with Spacious Pockets, For Men & Women, Blue",729,4.0 out of 5 stars,"1,748"
https://www.amazon.in/TRUE-EMPEROR-charging-college-CAPTAIN/dp/B0C6HZDWRQ,"TRUE HUMAN® EMPEROR 15.6 inch laptop bag with USB charging port Laptop bag,office bag, college bags anti theft (CAPTAIN)",529,3.7 out of 5 stars,39
https://www.amazon.in/AirCase-Premium-Waterproof-Neoprene-Warranty/dp/B07JBBKD5S,"AirCase Premium Laptop Bag with 6 Pockets fits Upto 15.6"" Laptop/MacBook, Wrinkle Free, Padded, Waterproof Light Neoprene case Cover Sleeve Pouch, for Men & Women,Ash- 6 Months Warranty",598,4.4 out of 5 stars,"4,268"
https://www.amazon.in/ADISA-Women-Girls-Floral-SL5072-CRE_Cream/dp/B09B56BCXR,ADISA Women Girls Floral Print Sling Bag,349,4.2 out of 5 stars,"1,269"
https://www.amazon.in/Gear-LOGI-Q-Resistant-Backpack-Black-White/dp/B0BTJ2VV17,Gear LOGI-Q 27L Medium Water Resistant Anti-Theft Laptop Bag/Backpack/Office Bag with Trolley Sleevefor Men/Women (Black-White),645,4.7 out of 5 stars,7
https://www.amazon.in/Essentials-Laptop-Sleeve-13-3-Inch-Accessories/dp/B09RF47WDL,"Gizga Essentials Laptop Bag Sleeve Case Cover Pouch for 13.3 Inch Laptop for Men & Women, Padded Laptop Compartment, Free Accessories Pouch, Premium Zipper Closure, Water Repellent Nylon Fabric, Grey",298,4.1 out of 5 stars,114
https://www.amazon.in/Right-Choice-Stylish-College-Backpack/dp/B07ZVXDHCK,RIGHT CHOICE quality stylish casual backpack daily use unisex typography college bags (Boys and Girls),299,3.5 out of 5 stars,"1,012"
https://www.amazon.in/Amazon-Basics-Laptop-College-Backpack/dp/B0C8NSJ4RD,"Amazon Basics Opel Laptop Bag/Office/College Backpack for 15.6 inch laptop(20 L, Grey)",499,3.9 out of 5 stars,7
https://www.amazon.in/HAMMONDS-FLYCATCHER-Laptop-Bag-Men/dp/B083M1QK32,HAMMONDS FLYCATCHER Laptop Bag for Men - Genuine Leather Messenger Shoulder Bag - Fits 14/15.6/16 Inch Laptops - Brown Office Bag - Multiple Pockets -Water Resistant -Executive Bag for Work and Travel,"4,716",4.4 out of 5 stars,590
https://www.amazon.in/Storite-Sling-Bag-Shoulder-25-5cmx7cmx20cm/dp/B09P3RQPCG,Storite Stylish Small PU Leather Sling Cross Body Travel Office Business Messenger One Side Shoulder Bag for Men Women (25.5 x7x20cm),749,4.0 out of 5 stars,285
https://www.amazon.in/Skybags-Brat-Black-Casual-Backpack/dp/B08Z1HHHTD,Skybags One Size Brat Black 46 Cms Casual Backpack,619,4.1 out of 5 stars,"6,270"
https://www.amazon.in/Professional-Photographers-Water-Resistant-Heavy-Duty-Accessories/dp/B0C58SJ2D8,"Amazon Basics Camera Bag for Beginners and Professional Photographers, Flipside Design, Water-Resistant, Heavy-Duty, Removable Dividers for All DSLR/SLR Cameras and Accessories",789,3.5 out of 5 stars,3
https://www.amazon.in/Nivia-Deflate-5180BK-Polyester-Round/dp/B07222KX3S,NIVIA Deflate Round 01 Polyester Gym Bag/Unisex Gym Bags/Adjustable Shoulder Bag for Men/Duffle Gym Bags for Men/Carry Gym Accessories/Fitness Bag/Sports &Travel Bag/Gym kit Bag (Black),400,4.2 out of 5 stars,"5,993"
https://www.amazon.in/AirCase-C40-Backpack-Rucksacks-Messenger/dp/B07Y8CH69Y,"AirCase Laptop bag backpack cum messenger bag, Dark Grey, fits upto 15.6 inch laptop, multiple compartment, padded shoulder strap, office bag/casual backpack/travel backpack, 1 year warranty",868,3.4 out of 5 stars,155
https://www.amazon.in/Delrin-Backpack-Motorcycle-Waterproof-Programmable/dp/B0CBSGG3LX,"Delrin LED Backpack with APP Working, Laptop Bag Motorcycle Riding Backpack Waterproof Backpack with Programmable and Color Screen, Travel Backpack 25 ltrs (48 Cms) (Black)","18,219.00",5.0 out of 5 stars,2
https://www.amazon.in/LuvLap-Travel-Multifunctional-Waterproof-Bag-Backpack/dp/B07W6Z8XKB,LuvLap Lily Travel Multifunctional Waterproof Diaper Bag-Backpack Cum Tote bag (Black),"1,099",4.4 out of 5 stars,"1,048"
https://www.amazon.in/Right-Choice-Stylish-College-Backpack/dp/B07ZVXDHCK,RIGHT CHOICE quality stylish casual backpack daily use unisex typography college bags (Boys and Girls),299,3.5 out of 5 stars,"1,012"
https://www.amazon.in/Lunars-Router-Resistant-Raincover-Organiser/dp/B08YR63B9M,"Lunar's 35 L Laptop Office/School/Travel/Business Backpack Water Proof - Fits Up to 15.6 Inch Laptop Notebook, With Raincover, Inside Organiser and 1 Year Warranty (All)",747,3.8 out of 5 stars,"1,159"
https://www.amazon.in/Storite-Sling-Bag-Shoulder-25-5cmx7cmx20cm/dp/B09P3RQPCG,Storite Stylish Small PU Leather Sling Cross Body Travel Office Business Messenger One Side Shoulder Bag for Men Women (25.5 x7x20cm),749,4.0 out of 5 stars,285
https://www.amazon.in/Skybags-Brat-Black-Casual-Backpack/dp/B08Z1HHHTD,Skybags One Size Brat Black 46 Cms Casual Backpack,619,4.1 out of 5 stars,"6,270"
https://www.amazon.in/DAHSHA-Bag-Business-Messenger-Shoulder/dp/B07GCLJTZF,DAHSHA Stylish Nylon Small Sling Cross Body Travel Bag for Business Office Messenger One Side Shoulder Carry Handbag Bag For Men & Women (35X18x25 CM-grey),695,3.9 out of 5 stars,474
https://www.amazon.in/Kuber-Industries-Travel-Organizer-CTMTC039483/dp/B084DWD41F,"Kuber Industries Shoe Cover/String Bag Organizer|Shoe Print & Non Woven Material|Transparent Window|Size 43 x 30 Cm, Pack of 12 (Grey)-CTMTC039483",249,4.5 out of 5 stars,"3,533"
https://www.amazon.in/AirCase-C40-Backpack-Rucksacks-Messenger/dp/B07Y8CH69Y,"AirCase Laptop bag backpack cum messenger bag, Dark Grey, fits upto 15.6 inch laptop, multiple compartment, padded shoulder strap, office bag/casual backpack/travel backpack, 1 year warranty",868,3.4 out of 5 stars,155
https://www.amazon.in/Martucci-Waterproof-Backpack-College-Business/dp/B0BRJRVH6D,Martucci Jersey 45L Casual Waterproof Laptop Backpack/Office Bag/School Bag/College Bag/Business Bag/Unisex Travel Backpack,765,3.8 out of 5 stars,272
https://www.amazon.in/Bag-Charging-Reflective-College-Blue/dp/B0C4L2KX2W,"Amazon Basics Laptop Bag with USB Charging Port, Rain Cover and Reflective Strip for College, Office, Travel (Unisex, 35 L, Blue)",799,4.1 out of 5 stars,191
https://www.amazon.in/Tabelito-NEXA-Backpack-Business-Compartment/dp/B0C2D3YR7T,"Tabelito® NEXA 3O L Water Resistant Laptop/College/Office/School/Travel/Business Bag, Unisex Backpack for Men Women Fits Up to 15.6 Inch Laptop Notebook",349,4.0 out of 5 stars,176
https://www.amazon.in/gp/bestsellers/computers/1375466031/ref=sr_bs_10_1375466031_1,Bennett™ Mystic Formal Business Briefcase Bag Crossbody Messenger College Bags For Men Women MacBook INoteBook ITablet Laptop Upto 15.6 Inch | Handbags with Shoulder Straps (Blue) 6 Months Warranty,452,4.0 out of 5 stars,"6,868"
https://www.amazon.in/DZert-School-Backpacks-Cartoon-Marshall/dp/B07WKM1YZC,DZert Kids School Bag Soft Plush Backpacks Cartoon Boys Girls Baby (2-5 Years),229,3.7 out of 5 stars,"8,318"
https://www.amazon.in/Gear-Vintage2-Leather-Backpack-LBPVG2LTH1901/dp/B07G4F3758,Gear Vintage2 Anti Theft Faux Leather 18 cms Tan Laptop Backpack,769,4.3 out of 5 stars,"1,805"
https://www.amazon.in/Wildcraft-ltrs-Cms-backpack-204493566_black/dp/B07GNGG435,Wildcraft 18 ltrs (7 Cms) backpack(204493566_black),"2,095",4.1 out of 5 stars,188
https://www.amazon.in/Weekender-Premium-Leatherette-Attachable-Shoulder/dp/B09GPPJXFJ,Fur Jaden Weekender Travel Duffle Bag with Separate Shoe/Laundry Compartment for Men & Women Made of Vegan Leather,"1,479",4.2 out of 5 stars,651
https://www.amazon.in/Trajectory-Elegant-15-6-Laptop-Office/dp/B09RK6NCGC,Trajectory 15.6 Inch Vegan Leather Messenger Laptop bag for men in Office for all laptop like Apple MacBook with 2 Years Warranty and Spacious Multiple Compartment with Expandable Bottom Used as Shoulder and Handbag for Men,"1,329",4.1 out of 5 stars,540
https://www.amazon.in/Gear-Vintage2-Leather-Backpack-LBPVG2LTH1901/dp/B07G4F3758,Gear Vintage2 Anti Theft Faux Leather 18 cms Tan Laptop Backpack,769,4.3 out of 5 stars,"1,805"
https://www.amazon.in/Wildcraft-ltrs-Cms-backpack-204493566_black/dp/B07GNGG435,Wildcraft 18 ltrs (7 Cms) backpack(204493566_black),"2,095",4.1 out of 5 stars,188
https://www.amazon.in/AirCase-C40-Backpack-Rucksacks-Messenger/dp/B07Y8CH69Y,"AirCase Laptop bag backpack cum messenger bag, Dark Grey, fits upto 15.6 inch laptop, multiple compartment, padded shoulder strap, office bag/casual backpack/travel backpack, 1 year warranty",868,3.4 out of 5 stars,155
https://www.amazon.in/Trajectory-Elegant-15-6-Laptop-Office/dp/B09RK6NCGC,Trajectory 15.6 Inch Vegan Leather Messenger Laptop bag for men in Office for all laptop like Apple MacBook with 2 Years Warranty and Spacious Multiple Compartment with Expandable Bottom Used as Shoulder and Handbag for Men,"1,329",4.1 out of 5 stars,540
https://www.amazon.in/BIGOWL-Storage-Reusable-Ziplock-Compression/dp/B08GLXK8MN,"5 Pack Smart Saver Vacuum Bags for Travel, Space Saver Bags (1 Large/2 Medium/2 Small) Compression Storage Bags for Clothes, Bedding, Pillows, Comforters, Blankets Storage Vacuum Sealer Bags for Clothes Storage, Vaccine Sealed Compression Airtight Reusable Packing Ziplock Bag with Travelling Hand Pump",677,4.2 out of 5 stars,"10,017"
https://www.amazon.in/Bag-Charging-Reflective-College-Blue/dp/B0C4L2KX2W,"Amazon Basics Laptop Bag with USB Charging Port, Rain Cover and Reflective Strip for College, Office, Travel (Unisex, 35 L, Blue)",799,4.1 out of 5 stars,191
https://www.amazon.in/ZaySoo-Stylish-Backpack-College-Business/dp/B0BVZL49N8,ZaySoo Stylish Casual Laptop Backpack/Office Bag/College Bag/Business Bag/Travel Backpack - Navyblue,307,5.0 out of 5 stars,2
https://www.amazon.in/DZert-School-Backpacks-Cartoon-Marshall/dp/B07WKM1YZC,DZert Kids School Bag Soft Plush Backpacks Cartoon Boys Girls Baby (2-5 Years),229,3.7 out of 5 stars,"8,318"
https://www.amazon.in/Shalimar-Premium-OXO-Biodegradable-Drawstring/dp/B0BNXLV3H8,Shalimar Premium OXO - Biodegradable Drawstring Garbage Bags 19 X 21 Inches (Medium) 120 Bags (4 rolls) Dustbin Bag/Trash Bag - Black Color,392,4.3 out of 5 stars,40
https://www.amazon.in/ASTRID-Blue-Diamond-Textured-Cotton/dp/B08W5DQ33D,ASTRID Blue Diamond Textured Cotton Tote Bag,419,4.2 out of 5 stars,269
https://www.amazon.in/Weekender-Premium-Leatherette-Attachable-Shoulder/dp/B09GPPJXFJ,Fur Jaden Weekender Travel Duffle Bag with Separate Shoe/Laundry Compartment for Men & Women Made of Vegan Leather,"1,479",4.2 out of 5 stars,651
https://www.amazon.in/Kuber-Industries-Embroidered-Women-CTKTC8803/dp/B07SWD51BV,Kuber Industries Silk Embroidered Women Potli Bag (Cream) -CTKTC8803,265,3.8 out of 5 stars,108
https://www.amazon.in/Gear-Inspired-Moving-training-DUFINDAVMVG05/dp/B08DV7YZL6,Gear Inspired Alive Moving 33L Large Water Resistant Travel Duffle Bag/Gym Bag/Sports Duffle for Men/Women (Blue),399,4.3 out of 5 stars,"1,339"
https://www.amazon.in/TRUE-Anti-Theft-backpack-charging-Epower_B/dp/B0BYBDX8VP,"TRUE HUMAN® Emperor Anti-Theft Pocket backpack With USB charging Port Laptop,office,college,travel bag for men and women(Epower)",499,3.7 out of 5 stars,458
https://www.amazon.in/HAMMONDS-FLYCATCHER-Genuine-Leather-Laptop/dp/B07P3XM78K,"HAMMONDS FLYCATCHER Genuine Leather Laptop Bag for Men - Office Bag, Tan Color - Fits Up to 14/15.6/16 Inch Laptop/MacBook - Laptop Messenger Bags/Leather Bag for Men with Adjustable Shoulder Strap","2,298",4.3 out of 5 stars,"5,202"
https://www.amazon.in/Storite-Stylish-Sling-Bag-Grey/dp/B098L372Z7,"Storite Stylish Padded Nylon Small Sling Cross Body Travel Office Messenger One Side Shoulder Handbag Bag for Men & Women (22.5cm x 9.5cm x 22.5 cm, Dark Grey)",519,4.0 out of 5 stars,"1,320"
https://www.amazon.in/ZaySoo-Stylish-Backpack-College-Business/dp/B0BVZL49N8,ZaySoo Stylish Casual Laptop Backpack/Office Bag/College Bag/Business Bag/Travel Backpack - Navyblue,307,5.0 out of 5 stars,2
https://www.amazon.in/Shalimar-Premium-OXO-Biodegradable-Drawstring/dp/B0BNXLV3H8,Shalimar Premium OXO - Biodegradable Drawstring Garbage Bags 19 X 21 Inches (Medium) 120 Bags (4 rolls) Dustbin Bag/Trash Bag - Black Color,392,4.3 out of 5 stars,40
https://www.amazon.in/Kuber-Industries-Embroidered-Women-CTKTC8803/dp/B07SWD51BV,Kuber Industries Silk Embroidered Women Potli Bag (Cream) -CTKTC8803,265,3.8 out of 5 stars,108
https://www.amazon.in/Amazon-Brand-Presto-Oxo-Biodegradable-Garbage/dp/B08TDCD79P,"Presto! Oxo-Biodegradable Garbage Bags, Small (17 x 19 inches) - 30 bags/roll (Pack of 3, Black)",220,4.2 out of 5 stars,"1,034"
https://www.amazon.in/TRUE-Anti-Theft-backpack-charging-Epower_B/dp/B0BYBDX8VP,"TRUE HUMAN® Emperor Anti-Theft Pocket backpack With USB charging Port Laptop,office,college,travel bag for men and women(Epower)",499,3.7 out of 5 stars,458
https://www.amazon.in/HAMMONDS-FLYCATCHER-Genuine-Leather-Laptop/dp/B07P3XM78K,"HAMMONDS FLYCATCHER Genuine Leather Laptop Bag for Men - Office Bag, Tan Color - Fits Up to 14/15.6/16 Inch Laptop/MacBook - Laptop Messenger Bags/Leather Bag for Men with Adjustable Shoulder Strap","2,298",4.3 out of 5 stars,"5,202"
https://www.amazon.in/AirCase-shoulder-waterproof-polyester-warranty/dp/B0B619LH6H,"AirCase premium laptop bag with handle & shoulder strap fits upto 15.6"" laptop/ macbook, wrinkle free, padded, waterproof light polyester case cover sleeve pouch, for men & women, Black- 6 months warranty",509,4.2 out of 5 stars,94
https://www.amazon.in/Storite-Stylish-Sling-Bag-Grey/dp/B098L372Z7,"Storite Stylish Padded Nylon Small Sling Cross Body Travel Office Messenger One Side Shoulder Handbag Bag for Men & Women (22.5cm x 9.5cm x 22.5 cm, Dark Grey)",519,4.0 out of 5 stars,"1,320"
https://www.amazon.in/Sirona-Sanitary-Napkin-Diapers-Disposal/dp/B01NAZVN8M,"Sirona Sanitary Disposal Bags | 75 Bags | Pad Disposable Bags for Discreet Disposal of Tampons, Condoms, Diaper, Sanitary Pads, Panty Liner & Personal Hygiene Waste (Green)",215,4.4 out of 5 stars,"3,306"
https://www.amazon.in/DOUBLE-BAGS-Cotton-Shopping-Multicolour/dp/B07FKQLPDR,"DOUBLE R BAGS Multicolour Canvas Shopping Bag with Double Handle, Cloth Grocery Tote Bags, Reusable Shopping Grocery Bags,Foldable and Eco Friendly Washable Medium (Set of 6) (Dd-0101)",493,4.3 out of 5 stars,"1,106"
https://www.amazon.in/Origami-Leakproof-Sanitary-Disposal-Diapers/dp/B0CDGHHQQD,"Origami Leakproof Sanitary Disposal Bags Pack of 3 (15 Bags Per Pack, Total 45 Bags) for Sanitary Pads, Baby Diapers, Panty Liner, Tampons, Condoms",99,4.5 out of 5 stars,Pad
https://www.amazon.in/Skybags-Polycarbonate-Turquoise-Hardsided-MINT55TTRQ/dp/B078GR3YHR,Skybags Mint 55 cms Small Cabin Polycarbonate Hardsided 4 Spinner Wheels Luggage/Suitcase/Trolley Bag- Turquoise Blue,"2,619",4.3 out of 5 stars,"4,307"
https://www.amazon.in/ASTRID-Blue-Diamond-Textured-Cotton/dp/B08W5DQ33D,ASTRID Blue Diamond Textured Cotton Tote Bag,419,4.2 out of 5 stars,269
https://www.amazon.in/Xiaomi-Notebook-Business-Casual-Backpack/dp/B0CDH2SVK3,Xiaomi Notebook Ultra Max with MI Business Casual 21L Backpack - Blue,"47,789",4.2 out of 5 stars,"2,145"
https://www.amazon.in/Frantic-Travelling-Backpacks-Preschool-FullBody_SkyElehpant/dp/B0BD5JQX7T,"Frantic Kids Soft Cartoon Animal Travelling School Bag Soft Plush Backpacks Boys Girls Baby for 2 to 5 Years Baby/Boys/Girls Nursery, Preschool, Picnic(FullBody_SkyElehpant)",289,3.6 out of 5 stars,704
https://www.amazon.in/Sirona-Sanitary-Napkin-Diapers-Disposal/dp/B01N6XGKFU,"Sirona Sanitary Disposal Bags | 45 Bags | Pad Disposable Bags for Discreet Disposal of Tampons, Condoms, Diaper, Sanitary Pads, Panty Liner & Personal Hygiene Waste (Green)",145,4.5 out of 5 stars,"1,511"
https://www.amazon.in/Sirona-Sanitary-Napkin-Diapers-Disposal/dp/B01NAZVN8M,"Sirona Sanitary Disposal Bags | 75 Bags | Pad Disposable Bags for Discreet Disposal of Tampons, Condoms, Diaper, Sanitary Pads, Panty Liner & Personal Hygiene Waste (Green)",215,4.4 out of 5 stars,"3,306"
https://www.amazon.in/DOUBLE-BAGS-Cotton-Shopping-Multicolour/dp/B07FKQLPDR,"DOUBLE R BAGS Multicolour Canvas Shopping Bag with Double Handle, Cloth Grocery Tote Bags, Reusable Shopping Grocery Bags,Foldable and Eco Friendly Washable Medium (Set of 6) (Dd-0101)",493,4.3 out of 5 stars,"1,106"
https://www.amazon.in/Origami-Leakproof-Sanitary-Disposal-Diapers/dp/B0CDGHHQQD,"Origami Leakproof Sanitary Disposal Bags Pack of 3 (15 Bags Per Pack, Total 45 Bags) for Sanitary Pads, Baby Diapers, Panty Liner, Tampons, Condoms",99,4.5 out of 5 stars,Pad
https://www.amazon.in/Skybags-Polycarbonate-Turquoise-Hardsided-MINT55TTRQ/dp/B078GR3YHR,Skybags Mint 55 cms Small Cabin Polycarbonate Hardsided 4 Spinner Wheels Luggage/Suitcase/Trolley Bag- Turquoise Blue,"2,619",4.3 out of 5 stars,"4,307"
https://www.amazon.in/Xiaomi-Notebook-Business-Casual-Backpack/dp/B0CDH2SVK3,Xiaomi Notebook Ultra Max with MI Business Casual 21L Backpack - Blue,"47,789",4.2 out of 5 stars,"2,145"
https://www.amazon.in/Sirona-Sanitary-Napkin-Diapers-Disposal/dp/B01N6XGKFU,"Sirona Sanitary Disposal Bags | 45 Bags | Pad Disposable Bags for Discreet Disposal of Tampons, Condoms, Diaper, Sanitary Pads, Panty Liner & Personal Hygiene Waste (Green)",145,4.5 out of 5 stars,"1,511"
https://www.amazon.in/NORTH-ZONE-Waterproof-Backpack-Dimensions/dp/B0BS6QQZYN,NORTH ZONE Casual Waterproof Laptop Backpack/Office Bag/School Bag/College Bag/Business Bag/Travel Backpack (Dimensions:13x18 inches) (Compatible with 39.62cm(15.6inch laptop) 30 L,547,4.0 out of 5 stars,777
https://www.amazon.in/Frantic-Travelling-Backpacks-Preschool-FullBody_SkyElehpant/dp/B0BD5JQX7T,"Frantic Kids Soft Cartoon Animal Travelling School Bag Soft Plush Backpacks Boys Girls Baby for 2 to 5 Years Baby/Boys/Girls Nursery, Preschool, Picnic(FullBody_SkyElehpant)",289,3.6 out of 5 stars,704
https://www.amazon.in/Professional-Photographers-Waterproof-Lightweight-Accessories/dp/B0C58VVFQT,"Amazon Basics Camera Bag with Tripod Holder for Beginner and Professional Photographers, Waterproof Cover, Lightweight, Removable Dividers for All DSLR/SLR Cameras and Accessories",949,4.3 out of 5 stars,997
https://www.amazon.in/Mammon-Womens-Handbag-plain-tan-35x35/dp/B07LBC7Z59,Mammon Women's Tote Bag,199,3.6 out of 5 stars,"2,789"
https://www.amazon.in/Shalimar-Premium-OXO-Biodegradable-Garbage/dp/B08DHV38W8,SHALIMAR Premium Oxo - Biodegradable Garbage Bags 17 X 19 Inches (Small) 120 Bags (4 Rolls) Dustbin Bag/Trash Bag - Green Color,185,4.4 out of 5 stars,"5,225"
https://www.amazon.in/Gear-Classic-Casual-Backpack-BKPCAMPS80304/dp/B019FBEJCO,Gear Campus8 25L Medium Water Resistant School Bag/Casual Backpack/Daypack/College Bag/for Men/Women - Green Grey,729,4.1 out of 5 stars,"1,289"
https://www.amazon.in/ROZEN-partition-Collage-Backpack-NAVYBLUE/dp/B0BRTDQH8L,"ROZEN 47 Ltrs, 46 cms School Bag Class 5-12 Large 5 partition Laptop Collage Office Travel Backpack Unisex",697,4.1 out of 5 stars,342
https://www.amazon.in/Safari-Polycarbonate-Midnight-Hardsided-RAY534WMBL/dp/B07WHLHXB9,"Safari RAY 53 Cms Small Cabin Polypropylene Hard Sided 4 Wheels 360 Degree Wheeling System Luggage/Suitcase/Trolley Bag, Midnight Blue","1,599",4.1 out of 5 stars,"4,327"
https://www.amazon.in/Lunars-Small-Bag-Daily-Use/dp/B08N47VTFQ,Lunar's Small Bag for Daily Use - 1 Compartment Mini Backpack for Hiking Camping Rucksack (Black),305,4.0 out of 5 stars,585
https://www.amazon.in/DARK-HORSE-Briefcase-Messenger-Compartment/dp/B0BJZF92F6,"DARK HORSE Laptop Bag Leather Briefcase 15.6 Inch Messenger Bag Satchel for Men, Padded Laptop Compartment 12 Liters , Water Resistant Shoulder Bag with Strap, Durable Office Bag, for Laptop",799,4.0 out of 5 stars,152
https://www.amazon.in/Amazon-Brand-Reusable-Eco-Friendly-Multi-Purpose/dp/B08TTMMGYT,"Amazon Brand – Eono Reusable Tote Bags, 100% Organic Cotton Shopping/Grocery Bag, Multi-Purpose Bag, Sturdy Canvas Bag With 15kgs Capacity, Single Pack (Good Vibes)",179,3.8 out of 5 stars,"1,232"
https://www.amazon.in/Van-Heusen-Woman-Spring-Summer-Womens/dp/B07ML1M2CH,Van Heusen Women's Tote Bag (Black),"1,269",4.1 out of 5 stars,258
